<beans xmlns="http://www.springframework.org/schema/beans"
	xmlns:context="http://www.springframework.org/schema/context"
	xmlns:mvc="http://www.springframework.org/schema/mvc" xmlns:xsi="http://www.w3.org/2001/XMLSchema-instance"
	xsi:schemaLocation="
        http://www.springframework.org/schema/beans     
        http://www.springframework.org/schema/beans/spring-beans-4.0.xsd
        http://www.springframework.org/schema/context 
        http://www.springframework.org/schema/context/spring-context-4.0.xsd
        http://www.springframework.org/schema/mvc
        http://www.springframework.org/schema/mvc/spring-mvc-4.0.xsd">

	<context:component-scan base-package="com.org.wms" />

	<mvc:annotation-driven />
	
	 <bean
     class="org.springframework.beans.factory.config.PropertyPlaceholderConfigurer">
        <property name="locations">
            <list>
                <value>classpath:application.properties</value>
            </list>
        </property>
        <property name="ignoreResourceNotFound" value="true"/>
    </bean>
	
	
	<bean id="datasource" class="org.springframework.jdbc.datasource.DriverManagerDataSource">
		<property name="driverClassName"> <value>${driver}</value> </property> 
		<property name="url" > <value>${url}</value> </property>
		<property name="username" > <value>${user_name}</value> </property>
		<property name="password" > <value>${password}</value> </property> 
	</bean>
	
	
	<bean id="jdbcTemplate" class="org.springframework.jdbc.core.JdbcTemplate">
		<constructor-arg index="0" ref="datasource"></constructor-arg>
	</bean>
	
</beans>



